{
    "ae_train_loss": [
        0.001070916664951144
    ],
    "discr_train_loss": 0.6210527277805589,
    "gen_train_loss": 0.949871610511433,
    "phase": 1500,
    "_timestamp": 1569383922.6149075,
    "_step": 1500,
    "ae_train_acc": [
        0.7764727497032905
    ],
    "_runtime": 330628.6121029854
}
