{
    "discr_train_loss": 0.3700356926111614,
    "_runtime": 105.3844084739685,
    "_step": 1,
    "ae_train_acc": [
        0.34816473290420524
    ],
    "ae_train_loss": [
        0.10933332423664911
    ],
    "phase": 1,
    "_timestamp": 1568425856.8452861
}
