{
    "_timestamp": 1567618392.0751083,
    "gen_train_acc": [
        0.38983049988746643
    ],
    "phase": 206,
    "_runtime": 34531.5323574543,
    "_step": 206,
    "ae_train_loss": [
        931.863021892854
    ],
    "gen_train_loss": [
        1.350793719291687
    ],
    "ae_train_acc": [
        0.5520875163355693
    ]
}
