{
    "_runtime": 206.938072681427,
    "gen_train_acc": [
        0.05263157933950424
    ],
    "ae_train_acc": [
        0.5298166428576546
    ],
    "_step": 1,
    "ae_train_loss": [
        947.0689294309607
    ],
    "_timestamp": 1572471995.9638832,
    "gen_train_loss": [
        2.8725650310516357
    ],
    "phase": 1
}
