{
    "_step": 104,
    "ae_train_acc": [
        0.6334612642518922
    ],
    "_runtime": 6204.464209318161,
    "_timestamp": 1567638015.8022778,
    "gen_train_acc": [
        0.35593220591545105
    ],
    "ae_train_loss": [
        0.0030676842377360286
    ],
    "gen_train_loss": [
        0.968004047870636
    ],
    "phase": 104
}
