{
    "ae_train_acc": [
        0.5273397365105119
    ],
    "gen_train_acc": [
        0.11864406615495682
    ],
    "_timestamp": 1567584431.1096196,
    "_runtime": 197.82840085029602,
    "gen_train_loss": [
        3.538652181625366
    ],
    "phase": 1,
    "_step": 1,
    "ae_train_loss": [
        945.3758712303605
    ]
}
