{
    "_runtime": 33741.832297325134,
    "phase": 435,
    "_step": 435,
    "gen_train_acc": [
        0.7966101765632629
    ],
    "gen_train_loss": [
        0.4257928133010864
    ],
    "ae_train_loss": [
        927.990232515203
    ],
    "_timestamp": 1567618300.9266844,
    "ae_train_acc": [
        0.5540849238441481
    ]
}
