{
    "_step": 1,
    "ae_train_acc": [
        0.4476509945929766
    ],
    "discr_train_loss": 0.23359452122274568,
    "_runtime": 106.10923910140991,
    "ae_train_loss": [
        0.06669207489666626
    ],
    "_timestamp": 1568425296.7544334,
    "phase": 1
}
