{
    "phase": 1500,
    "gen_train_loss": 0.6934221237897873,
    "ae_train_acc": [
        0.5934167724457033
    ],
    "ae_train_loss": [
        0.004319159450767938
    ],
    "_timestamp": 1573960131.3186843,
    "_runtime": 114771.27186346054,
    "_step": 1500,
    "discr_train_loss": 0.6932913213968277
}
