{
    "phase": 1500,
    "gen_train_loss": 0.6757578916019864,
    "ae_train_loss": [
        0.004376284858093203
    ],
    "discr_train_loss": 0.6906275020705329,
    "_step": 1500,
    "ae_train_acc": [
        0.6225536411158596
    ],
    "_runtime": 64755.2445833683,
    "_timestamp": 1572628215.005349
}
