{
    "ae_train_acc": [
        0.7924409651800316
    ],
    "discr_train_loss": 0.5847408894230338,
    "phase": 1500,
    "gen_train_loss": 0.9868739808306974,
    "_step": 1500,
    "ae_train_loss": [
        0.0008801360515058935
    ],
    "_timestamp": 1568496094.0083137,
    "_runtime": 69508.72802329063
}
