{
    "phase": 1,
    "_timestamp": 1568426030.2416372,
    "_step": 1,
    "_runtime": 79.18005108833313,
    "ae_train_loss": [
        0.08601135506001426
    ],
    "ae_train_acc": [
        0.4190519000519676
    ],
    "discr_train_loss": 0.28551124781370163
}
