{
    "_runtime": 58260.21474814415,
    "_timestamp": 1573842884.3957167,
    "phase": 775,
    "gen_train_acc": [
        0.5762711763381958
    ],
    "_step": 775,
    "gen_train_loss": [
        2.698031187057495
    ],
    "ae_train_acc": [
        0.6756884838185262
    ],
    "ae_train_loss": [
        0.002638798769234937
    ]
}
