{
    "discr_train_loss": 0.3353939770775683,
    "phase": 1,
    "_timestamp": 1568426161.3038526,
    "_runtime": 105.63083243370056,
    "ae_train_loss": [
        0.11327997415514864
    ],
    "ae_train_acc": [
        0.09203406441217205
    ],
    "_step": 1
}
